dc_power_bin,dc_power_kw_median,dc_power_kw_q10,dc_power_kw_q90,dc_power_kw_q95,ac_power_kw_median,ac_power_kw_q10,ac_power_kw_q90,ac_power_kw_q95,inverter_ambient_temp_delta_median,inverter_ambient_temp_delta_q10,inverter_ambient_temp_delta_q90,inverter_ambient_temp_delta_q95,inverter_temperature_c_median,inverter_temperature_c_q10,inverter_temperature_c_q90,inverter_temperature_c_q95,ambient_temperature_c_median,ambient_temperature_c_q10,ambient_temperature_c_q90,ambient_temperature_c_q95,efficiency_pct_median,efficiency_pct_q10,efficiency_pct_q90,efficiency_pct_q95,healthy_sample_count,dc_power_bin_lower,dc_power_bin_upper
"(3.999, 142.53]",48.5,9.0,122.36,133.74999999999997,45.1,6.9,117.26,128.34999999999997,-0.20000000000000284,-6.25,4.9060000000000015,5.785,25.1,16.6,34.36,37.68999999999998,24.5,20.974,34.176,35.573,96.86,96.57,97.28,97.333,575,3.999,142.53
"(142.53, 281.06]",214.15,162.21,259.5,265.97499999999997,207.35,156.24,252.0,258.375,0.0,-4.239999999999999,4.914999999999999,6.200499999999996,24.05,18.5,33.5,38.214999999999996,23.990000000000002,20.847,31.969,35.5215,97.66,97.46,97.8,97.82,498,142.53,281.06
"(281.06, 419.59]",353.5,296.07,405.8,411.98999999999995,344.7,288.07,396.37,402.47499999999997,1.1549999999999994,-3.2619999999999996,6.293000000000002,7.064999999999996,26.4,20.07,37.1,39.315,24.310000000000002,21.316,35.166,35.930499999999995,98.02,97.9,98.11,98.12,418,281.06,419.59
"(419.59, 558.12]",489.7,430.0,544.68,552.2099999999999,479.2,420.26,533.48,540.91,3.349999999999998,-1.6380000000000001,7.770000000000001,8.678999999999998,29.6,21.46,41.980000000000004,43.54,24.9,21.37,37.078,38.236,98.22,98.15,98.28,98.29,427,419.59,558.12
"(558.12, 696.65]",626.5,576.38,682.12,689.07,614.3,564.88,669.22,676.07,4.41,-0.3539999999999977,8.633999999999997,9.781000000000002,30.5,23.1,40.7,43.3,25.36,21.266,35.552,37.109,98.34,98.3,98.37,98.38,599,558.12,696.65
"(696.65, 835.18]",754.5,710.72,818.1400000000001,826.88,740.7,697.42,803.46,812.08,5.310000000000002,0.9220000000000014,9.954000000000002,11.053999999999998,34.1,25.3,43.5,46.0,28.44,22.4,37.690000000000005,39.016,98.4,98.38,98.43,98.43,833,696.65,835.18
"(835.18, 973.71]",904.3,850.2,961.5,968.8,888.4,835.1,944.9,951.8,6.610000000000003,1.8999999999999986,11.189999999999998,12.43,34.5,26.1,44.5,46.9,27.06,22.53,37.53,38.73,98.45,98.43,98.46,98.46,701,835.18,973.71
"(973.71, 1112.24]",1046.25,987.99,1099.8,1104.9,1028.45,970.99,1081.27,1086.135,7.9,3.5739999999999976,12.415000000000004,13.393999999999998,35.6,27.7,45.17000000000001,48.8,26.69,22.595,37.171,38.9685,98.47,98.46,98.48,98.48,714,973.71,1112.24
"(1112.24, 1250.77]",1183.0,1126.3,1235.4,1243.2,1163.2,1107.4,1214.9,1222.6,9.25,4.649999999999999,13.880000000000003,14.770000000000003,37.3,29.2,45.8,48.8,27.04,22.98,36.9,38.85,98.48,98.46,98.49,98.49,741,1112.24,1250.77
"(1250.77, 1389.3]",1324.95,1265.97,1375.99,1382.7,1303.15,1244.67,1353.23,1359.495,10.134999999999998,6.100999999999999,15.463000000000001,16.2665,38.9,31.07,47.5,49.9,27.07,23.504,36.549000000000014,38.3285,98.49,98.43,98.49,98.49,828,1250.77,1389.3
"(1389.3, 1527.83]",1461.15,1405.43,1515.57,1520.735,1437.05,1381.9,1490.67,1495.505,12.055000000000001,7.463,16.722,17.629999999999995,40.4,32.9,49.370000000000005,52.93499999999999,27.075000000000003,23.656,36.354,38.890499999999996,98.49,98.39,98.5,98.5,954,1389.3,1527.83
"(1527.83, 1666.36]",1611.0,1546.3,1657.85,1662.6,1584.65,1521.2,1630.95,1635.3,12.939999999999998,9.075,17.27,18.409999999999997,41.1,34.9,48.5,51.1,27.295,24.23,34.235,37.394999999999996,98.5,98.41,98.5,98.5,1596,1527.83,1666.36
"(1666.36, 1804.89]",1745.0,1684.7,1793.8,1799.7,1716.7,1657.0,1764.7,1770.5,14.119999999999997,10.419999999999998,18.080000000000002,19.259999999999998,42.4,37.5,48.5,50.9,27.74,25.26,33.19,35.11,98.5,98.41,98.5,98.5,2781,1666.36,1804.89
"(1804.89, 1943.42]",1862.45,1816.29,1923.21,1933.4,1832.2,1786.59,1891.6,1901.0,15.479999999999997,11.899999999999999,19.560000000000002,20.800499999999996,44.5,39.9,50.7,52.8,28.29,25.98,33.48199999999999,35.67199999999999,98.5,98.36,98.5,98.5,2820,1804.89,1943.42
"(1943.42, 2081.95]",2011.1,1955.52,2064.98,2073.4,1977.3,1923.0,2029.66,2037.4,17.51,13.892,21.577999999999996,22.876999999999992,48.4,42.9,55.2,56.98999999999999,30.45,26.814,36.716,38.779,98.41,98.24,98.5,98.5,1803,1943.42,2081.95
"(2081.95, 2220.48]",2147.75,2095.91,2206.0,2212.8,2108.2,2058.92,2164.29,2172.0,19.28,15.670999999999996,23.309000000000005,24.509500000000006,53.9,47.2,62.0,63.5,34.83,29.42,40.864000000000004,42.472,98.28,98.071,98.45,98.5,1282,2081.95,2220.48
"(2220.48, 2359.01]",2296.0,2237.98,2347.02,2353.06,2252.3,2195.42,2301.3,2307.16,20.93,17.392,25.256000000000007,26.290000000000003,58.4,52.3,65.3,66.7,36.9,32.86,43.192,44.262,98.16,97.99,98.32,98.35,1389,2220.48,2359.01
"(2359.01, 2497.54]",2423.5,2371.7,2480.54,2488.51,2375.1,2324.88,2430.9,2437.6800000000003,22.260000000000005,19.026000000000003,26.374,27.669,62.2,56.5,67.84,69.0,40.54,35.15,43.99,44.7,98.07,97.93,98.21,98.247,1187,2359.01,2497.54
"(2497.54, 2636.07]",2536.3999999999996,2503.8,2591.95,2609.475,2475.0,2452.95,2475.0,2475.0,23.625,19.42,27.32,28.230000000000004,65.2,60.1,69.5,70.4,42.515,35.655,44.370000000000005,44.775,98.0,97.89,98.12,98.17,426,2497.54,2636.07
